{"cameraMode":{"drawMode":0,"name":"Shaded","section":"Shading Mode"},"sceneLighting":false,"audioPlay":false,"sceneViewState":{"m_AlwaysRefresh":false,"showFog":true,"showSkybox":false,"showFlares":true,"showImageEffects":true,"showParticleSystems":true,"showVisualEffectGraphs":true,"m_FxEnabled":true},"in2DMode":false,"pivot":{"x":3.4254374504089357,"y":4.38801908493042,"z":3.4980618953704836},"rotation":{"x":-0.020227467641234399,"y":0.9425044655799866,"z":-0.32853931188583376,"w":-0.05803700163960457},"size":12.478992462158204,"orthographic":false}