{"cameraMode":{"drawMode":0,"name":"Shaded","section":"Shading Mode"},"sceneLighting":false,"audioPlay":false,"sceneViewState":{"m_AlwaysRefresh":false,"showFog":true,"showSkybox":false,"showFlares":true,"showImageEffects":true,"showParticleSystems":true,"showVisualEffectGraphs":true,"m_FxEnabled":true},"in2DMode":false,"pivot":{"x":-2.57932186126709,"y":1.0600147247314454,"z":-10.199504852294922},"rotation":{"x":-0.020227467641234399,"y":0.9425044655799866,"z":-0.32853931188583376,"w":-0.05803700163960457},"size":14.872613906860352,"orthographic":false}